{
    "confidence_score": 0.8594383597373962,
    "ptm": 0.8516700863838196,
    "iptm": 0.0,
    "ligand_iptm": 0.0,
    "protein_iptm": 0.0,
    "complex_plddt": 0.8613803386688232,
    "complex_iplddt": 0.8613803386688232,
    "complex_pde": 0.9816411733627319,
    "complex_ipde": 0.0,
    "chains_ptm": {
        "0": 0.8516700863838196
    },
    "pair_chains_iptm": {
        "0": {
            "0": 0.8516700863838196
        }
    }
}