{
    "confidence_score": 0.864226758480072,
    "ptm": 0.8536421656608582,
    "iptm": 0.0,
    "ligand_iptm": 0.0,
    "protein_iptm": 0.0,
    "complex_plddt": 0.8668729066848755,
    "complex_iplddt": 0.8668729066848755,
    "complex_pde": 0.969245970249176,
    "complex_ipde": 0.0,
    "chains_ptm": {
        "0": 0.8536421656608582
    },
    "pair_chains_iptm": {
        "0": {
            "0": 0.8536421656608582
        }
    }
}