{
    "confidence_score": 0.8550716638565063,
    "ptm": 0.8626147508621216,
    "iptm": 0.0,
    "ligand_iptm": 0.0,
    "protein_iptm": 0.0,
    "complex_plddt": 0.8531858325004578,
    "complex_iplddt": 0.8531858325004578,
    "complex_pde": 0.8806007504463196,
    "complex_ipde": 0.0,
    "chains_ptm": {
        "0": 0.8626147508621216
    },
    "pair_chains_iptm": {
        "0": {
            "0": 0.8626147508621216
        }
    }
}