{
    "confidence_score": 0.865350067615509,
    "ptm": 0.8522697687149048,
    "iptm": 0.0,
    "ligand_iptm": 0.0,
    "protein_iptm": 0.0,
    "complex_plddt": 0.8686200976371765,
    "complex_iplddt": 0.8686200976371765,
    "complex_pde": 0.992072582244873,
    "complex_ipde": 0.0,
    "chains_ptm": {
        "0": 0.8522697687149048
    },
    "pair_chains_iptm": {
        "0": {
            "0": 0.8522697687149048
        }
    }
}