{
    "confidence_score": 0.898926854133606,
    "ptm": 0.9228972792625427,
    "iptm": 0.0,
    "ligand_iptm": 0.0,
    "protein_iptm": 0.0,
    "complex_plddt": 0.8929342031478882,
    "complex_iplddt": 0.8929342031478882,
    "complex_pde": 0.4681636393070221,
    "complex_ipde": 0.0,
    "chains_ptm": {
        "0": 0.9228972792625427
    },
    "pair_chains_iptm": {
        "0": {
            "0": 0.9228972792625427
        }
    }
}