{
    "confidence_score": 0.8992927670478821,
    "ptm": 0.9249169826507568,
    "iptm": 0.0,
    "ligand_iptm": 0.0,
    "protein_iptm": 0.0,
    "complex_plddt": 0.8928866982460022,
    "complex_iplddt": 0.8928866982460022,
    "complex_pde": 0.46211835741996765,
    "complex_ipde": 0.0,
    "chains_ptm": {
        "0": 0.9249169826507568
    },
    "pair_chains_iptm": {
        "0": {
            "0": 0.9249169826507568
        }
    }
}