{
    "confidence_score": 0.9026463627815247,
    "ptm": 0.9276103377342224,
    "iptm": 0.0,
    "ligand_iptm": 0.0,
    "protein_iptm": 0.0,
    "complex_plddt": 0.8964053988456726,
    "complex_iplddt": 0.8964053988456726,
    "complex_pde": 0.46497973799705505,
    "complex_ipde": 0.0,
    "chains_ptm": {
        "0": 0.9276103377342224
    },
    "pair_chains_iptm": {
        "0": {
            "0": 0.9276103377342224
        }
    }
}