{
    "confidence_score": 0.8999541401863098,
    "ptm": 0.929234504699707,
    "iptm": 0.0,
    "ligand_iptm": 0.0,
    "protein_iptm": 0.0,
    "complex_plddt": 0.8926340341567993,
    "complex_iplddt": 0.8926340341567993,
    "complex_pde": 0.4655534327030182,
    "complex_ipde": 0.0,
    "chains_ptm": {
        "0": 0.929234504699707
    },
    "pair_chains_iptm": {
        "0": {
            "0": 0.929234504699707
        }
    }
}