{
    "confidence_score": 0.9022464156150818,
    "ptm": 0.9282310009002686,
    "iptm": 0.0,
    "ligand_iptm": 0.0,
    "protein_iptm": 0.0,
    "complex_plddt": 0.8957502245903015,
    "complex_iplddt": 0.8957502245903015,
    "complex_pde": 0.46781399846076965,
    "complex_ipde": 0.0,
    "chains_ptm": {
        "0": 0.9282310009002686
    },
    "pair_chains_iptm": {
        "0": {
            "0": 0.9282310009002686
        }
    }
}