{
    "confidence_score": 0.8539305925369263,
    "ptm": 0.5432679057121277,
    "iptm": 0.0,
    "ligand_iptm": 0.0,
    "protein_iptm": 0.0,
    "complex_plddt": 0.9315962195396423,
    "complex_iplddt": 0.0,
    "complex_pde": 0.5732347369194031,
    "complex_ipde": 0.0,
    "chains_ptm": {
        "0": 0.5432679057121277
    },
    "pair_chains_iptm": {
        "0": {
            "0": 0.5432679057121277
        }
    }
}