{
    "confidence_score": 0.8647605180740356,
    "ptm": 0.8760184645652771,
    "iptm": 0.0,
    "ligand_iptm": 0.0,
    "protein_iptm": 0.0,
    "complex_plddt": 0.8619460463523865,
    "complex_iplddt": 0.8619460463523865,
    "complex_pde": 0.6341357827186584,
    "complex_ipde": 0.0,
    "chains_ptm": {
        "0": 0.8760184645652771
    },
    "pair_chains_iptm": {
        "0": {
            "0": 0.8760184645652771
        }
    }
}