{
    "confidence_score": 0.8588582873344421,
    "ptm": 0.8851197957992554,
    "iptm": 0.0,
    "ligand_iptm": 0.0,
    "protein_iptm": 0.0,
    "complex_plddt": 0.8522929549217224,
    "complex_iplddt": 0.8522929549217224,
    "complex_pde": 0.5765930414199829,
    "complex_ipde": 0.0,
    "chains_ptm": {
        "0": 0.8851197957992554
    },
    "pair_chains_iptm": {
        "0": {
            "0": 0.8851197957992554
        }
    }
}