{
    "confidence_score": 0.8659605979919434,
    "ptm": 0.8730672001838684,
    "iptm": 0.0,
    "ligand_iptm": 0.0,
    "protein_iptm": 0.0,
    "complex_plddt": 0.8641839623451233,
    "complex_iplddt": 0.8641839623451233,
    "complex_pde": 0.6644535660743713,
    "complex_ipde": 0.0,
    "chains_ptm": {
        "0": 0.8730672001838684
    },
    "pair_chains_iptm": {
        "0": {
            "0": 0.8730672001838684
        }
    }
}