{
    "confidence_score": 0.8667486310005188,
    "ptm": 0.8832170367240906,
    "iptm": 0.0,
    "ligand_iptm": 0.0,
    "protein_iptm": 0.0,
    "complex_plddt": 0.8626315593719482,
    "complex_iplddt": 0.8626315593719482,
    "complex_pde": 0.5974176526069641,
    "complex_ipde": 0.0,
    "chains_ptm": {
        "0": 0.8832170367240906
    },
    "pair_chains_iptm": {
        "0": {
            "0": 0.8832170367240906
        }
    }
}