{
    "confidence_score": 0.8572330474853516,
    "ptm": 0.8709307909011841,
    "iptm": 0.0,
    "ligand_iptm": 0.0,
    "protein_iptm": 0.0,
    "complex_plddt": 0.8538086414337158,
    "complex_iplddt": 0.8538086414337158,
    "complex_pde": 0.587475597858429,
    "complex_ipde": 0.0,
    "chains_ptm": {
        "0": 0.8709307909011841
    },
    "pair_chains_iptm": {
        "0": {
            "0": 0.8709307909011841
        }
    }
}