{
    "confidence_score": 0.8548082709312439,
    "ptm": 0.8550412654876709,
    "iptm": 0.0,
    "ligand_iptm": 0.0,
    "protein_iptm": 0.0,
    "complex_plddt": 0.8547500371932983,
    "complex_iplddt": 0.8547500371932983,
    "complex_pde": 0.5878419280052185,
    "complex_ipde": 0.0,
    "chains_ptm": {
        "0": 0.8550412654876709
    },
    "pair_chains_iptm": {
        "0": {
            "0": 0.8550412654876709
        }
    }
}