{
    "confidence_score": 0.8476206064224243,
    "ptm": 0.8301093578338623,
    "iptm": 0.0,
    "ligand_iptm": 0.0,
    "protein_iptm": 0.0,
    "complex_plddt": 0.8519983291625977,
    "complex_iplddt": 0.8519983291625977,
    "complex_pde": 0.623429000377655,
    "complex_ipde": 0.0,
    "chains_ptm": {
        "0": 0.8301093578338623
    },
    "pair_chains_iptm": {
        "0": {
            "0": 0.8301093578338623
        }
    }
}