{
    "confidence_score": 0.9062678217887878,
    "ptm": 0.9310804009437561,
    "iptm": 0.0,
    "ligand_iptm": 0.0,
    "protein_iptm": 0.0,
    "complex_plddt": 0.9000646471977234,
    "complex_iplddt": 0.9000646471977234,
    "complex_pde": 0.4532730281352997,
    "complex_ipde": 0.0,
    "chains_ptm": {
        "0": 0.9310804009437561
    },
    "pair_chains_iptm": {
        "0": {
            "0": 0.9310804009437561
        }
    }
}