{
    "confidence_score": 0.906288743019104,
    "ptm": 0.9318904876708984,
    "iptm": 0.0,
    "ligand_iptm": 0.0,
    "protein_iptm": 0.0,
    "complex_plddt": 0.899888277053833,
    "complex_iplddt": 0.899888277053833,
    "complex_pde": 0.447569876909256,
    "complex_ipde": 0.0,
    "chains_ptm": {
        "0": 0.9318904876708984
    },
    "pair_chains_iptm": {
        "0": {
            "0": 0.9318904876708984
        }
    }
}