{
    "confidence_score": 0.9052280783653259,
    "ptm": 0.9276968240737915,
    "iptm": 0.0,
    "ligand_iptm": 0.0,
    "protein_iptm": 0.0,
    "complex_plddt": 0.8996108174324036,
    "complex_iplddt": 0.8996108174324036,
    "complex_pde": 0.46342697739601135,
    "complex_ipde": 0.0,
    "chains_ptm": {
        "0": 0.9276968240737915
    },
    "pair_chains_iptm": {
        "0": {
            "0": 0.9276968240737915
        }
    }
}