{
    "confidence_score": 0.9029738306999207,
    "ptm": 0.9263436198234558,
    "iptm": 0.0,
    "ligand_iptm": 0.0,
    "protein_iptm": 0.0,
    "complex_plddt": 0.8971314430236816,
    "complex_iplddt": 0.8971314430236816,
    "complex_pde": 0.463299959897995,
    "complex_ipde": 0.0,
    "chains_ptm": {
        "0": 0.9263436198234558
    },
    "pair_chains_iptm": {
        "0": {
            "0": 0.9263436198234558
        }
    }
}