{
    "confidence_score": 0.9049667716026306,
    "ptm": 0.9252068400382996,
    "iptm": 0.0,
    "ligand_iptm": 0.0,
    "protein_iptm": 0.0,
    "complex_plddt": 0.8999067544937134,
    "complex_iplddt": 0.8999067544937134,
    "complex_pde": 0.4728315770626068,
    "complex_ipde": 0.0,
    "chains_ptm": {
        "0": 0.9252068400382996
    },
    "pair_chains_iptm": {
        "0": {
            "0": 0.9252068400382996
        }
    }
}