{
    "confidence_score": 0.9074873924255371,
    "ptm": 0.92629474401474,
    "iptm": 0.0,
    "ligand_iptm": 0.0,
    "protein_iptm": 0.0,
    "complex_plddt": 0.90278559923172,
    "complex_iplddt": 0.90278559923172,
    "complex_pde": 0.47616878151893616,
    "complex_ipde": 0.0,
    "chains_ptm": {
        "0": 0.92629474401474
    },
    "pair_chains_iptm": {
        "0": {
            "0": 0.92629474401474
        }
    }
}