{
    "confidence_score": 0.9078968167304993,
    "ptm": 0.9277210235595703,
    "iptm": 0.0,
    "ligand_iptm": 0.0,
    "protein_iptm": 0.0,
    "complex_plddt": 0.9029407501220703,
    "complex_iplddt": 0.9029407501220703,
    "complex_pde": 0.4711436927318573,
    "complex_ipde": 0.0,
    "chains_ptm": {
        "0": 0.9277210235595703
    },
    "pair_chains_iptm": {
        "0": {
            "0": 0.9277210235595703
        }
    }
}