{
    "confidence_score": 0.907320499420166,
    "ptm": 0.926816999912262,
    "iptm": 0.0,
    "ligand_iptm": 0.0,
    "protein_iptm": 0.0,
    "complex_plddt": 0.9024463295936584,
    "complex_iplddt": 0.9024463295936584,
    "complex_pde": 0.4776359498500824,
    "complex_ipde": 0.0,
    "chains_ptm": {
        "0": 0.926816999912262
    },
    "pair_chains_iptm": {
        "0": {
            "0": 0.926816999912262
        }
    }
}