{
    "confidence_score": 0.8895629048347473,
    "ptm": 0.9059192538261414,
    "iptm": 0.0,
    "ligand_iptm": 0.0,
    "protein_iptm": 0.0,
    "complex_plddt": 0.8854738473892212,
    "complex_iplddt": 0.8854738473892212,
    "complex_pde": 0.5897753238677979,
    "complex_ipde": 0.0,
    "chains_ptm": {
        "0": 0.9059192538261414
    },
    "pair_chains_iptm": {
        "0": {
            "0": 0.9059192538261414
        }
    }
}