{
    "confidence_score": 0.8793004155158997,
    "ptm": 0.8989241123199463,
    "iptm": 0.0,
    "ligand_iptm": 0.0,
    "protein_iptm": 0.0,
    "complex_plddt": 0.8743944764137268,
    "complex_iplddt": 0.8743944764137268,
    "complex_pde": 0.5687280893325806,
    "complex_ipde": 0.0,
    "chains_ptm": {
        "0": 0.8989241123199463
    },
    "pair_chains_iptm": {
        "0": {
            "0": 0.8989241123199463
        }
    }
}