{
    "confidence_score": 0.8888697028160095,
    "ptm": 0.9055060744285583,
    "iptm": 0.0,
    "ligand_iptm": 0.0,
    "protein_iptm": 0.0,
    "complex_plddt": 0.8847105503082275,
    "complex_iplddt": 0.8847105503082275,
    "complex_pde": 0.5933083295822144,
    "complex_ipde": 0.0,
    "chains_ptm": {
        "0": 0.9055060744285583
    },
    "pair_chains_iptm": {
        "0": {
            "0": 0.9055060744285583
        }
    }
}