{
    "confidence_score": 0.8576175570487976,
    "ptm": 0.8716375231742859,
    "iptm": 0.0,
    "ligand_iptm": 0.0,
    "protein_iptm": 0.0,
    "complex_plddt": 0.8541126251220703,
    "complex_iplddt": 0.8541126251220703,
    "complex_pde": 0.6436450481414795,
    "complex_ipde": 0.0,
    "chains_ptm": {
        "0": 0.8716375231742859
    },
    "pair_chains_iptm": {
        "0": {
            "0": 0.8716375231742859
        }
    }
}