{
    "confidence_score": 0.866995632648468,
    "ptm": 0.8789969086647034,
    "iptm": 0.0,
    "ligand_iptm": 0.0,
    "protein_iptm": 0.0,
    "complex_plddt": 0.8639952540397644,
    "complex_iplddt": 0.8639952540397644,
    "complex_pde": 0.629911482334137,
    "complex_ipde": 0.0,
    "chains_ptm": {
        "0": 0.8789969086647034
    },
    "pair_chains_iptm": {
        "0": {
            "0": 0.8789969086647034
        }
    }
}