{
    "confidence_score": 0.8297195434570312,
    "ptm": 0.8205966353416443,
    "iptm": 0.0,
    "ligand_iptm": 0.0,
    "protein_iptm": 0.0,
    "complex_plddt": 0.8320003151893616,
    "complex_iplddt": 0.8320003151893616,
    "complex_pde": 0.674343466758728,
    "complex_ipde": 0.0,
    "chains_ptm": {
        "0": 0.8205966353416443
    },
    "pair_chains_iptm": {
        "0": {
            "0": 0.8205966353416443
        }
    }
}