{
    "confidence_score": 0.8595725297927856,
    "ptm": 0.8665128946304321,
    "iptm": 0.0,
    "ligand_iptm": 0.0,
    "protein_iptm": 0.0,
    "complex_plddt": 0.8578373789787292,
    "complex_iplddt": 0.8578373789787292,
    "complex_pde": 0.7102128267288208,
    "complex_ipde": 0.0,
    "chains_ptm": {
        "0": 0.8665128946304321
    },
    "pair_chains_iptm": {
        "0": {
            "0": 0.8665128946304321
        }
    }
}