{
    "confidence_score": 0.863494873046875,
    "ptm": 0.8760560750961304,
    "iptm": 0.0,
    "ligand_iptm": 0.0,
    "protein_iptm": 0.0,
    "complex_plddt": 0.8603546023368835,
    "complex_iplddt": 0.8603546023368835,
    "complex_pde": 0.6912140250205994,
    "complex_ipde": 0.0,
    "chains_ptm": {
        "0": 0.8760560750961304
    },
    "pair_chains_iptm": {
        "0": {
            "0": 0.8760560750961304
        }
    }
}