{
    "confidence_score": 0.8565055727958679,
    "ptm": 0.8665207028388977,
    "iptm": 0.0,
    "ligand_iptm": 0.0,
    "protein_iptm": 0.0,
    "complex_plddt": 0.8540017604827881,
    "complex_iplddt": 0.8540017604827881,
    "complex_pde": 0.7317713499069214,
    "complex_ipde": 0.0,
    "chains_ptm": {
        "0": 0.8665207028388977
    },
    "pair_chains_iptm": {
        "0": {
            "0": 0.8665207028388977
        }
    }
}