{
    "confidence_score": 0.8438839912414551,
    "ptm": 0.8690219521522522,
    "iptm": 0.0,
    "ligand_iptm": 0.0,
    "protein_iptm": 0.0,
    "complex_plddt": 0.8375994563102722,
    "complex_iplddt": 0.8375994563102722,
    "complex_pde": 0.7155559659004211,
    "complex_ipde": 0.0,
    "chains_ptm": {
        "0": 0.8690219521522522
    },
    "pair_chains_iptm": {
        "0": {
            "0": 0.8690219521522522
        }
    }
}