{
    "confidence_score": 0.8575823903083801,
    "ptm": 0.8943312764167786,
    "iptm": 0.0,
    "ligand_iptm": 0.0,
    "protein_iptm": 0.0,
    "complex_plddt": 0.8483951091766357,
    "complex_iplddt": 0.8483951091766357,
    "complex_pde": 0.5373564958572388,
    "complex_ipde": 0.0,
    "chains_ptm": {
        "0": 0.8943312764167786
    },
    "pair_chains_iptm": {
        "0": {
            "0": 0.8943312764167786
        }
    }
}