{
    "confidence_score": 0.8582502603530884,
    "ptm": 0.8853971362113953,
    "iptm": 0.0,
    "ligand_iptm": 0.0,
    "protein_iptm": 0.0,
    "complex_plddt": 0.8514634966850281,
    "complex_iplddt": 0.8514634966850281,
    "complex_pde": 0.5516307353973389,
    "complex_ipde": 0.0,
    "chains_ptm": {
        "0": 0.8853971362113953
    },
    "pair_chains_iptm": {
        "0": {
            "0": 0.8853971362113953
        }
    }
}