{
    "confidence_score": 0.8629555702209473,
    "ptm": 0.8983028531074524,
    "iptm": 0.0,
    "ligand_iptm": 0.0,
    "protein_iptm": 0.0,
    "complex_plddt": 0.8541187047958374,
    "complex_iplddt": 0.8541187047958374,
    "complex_pde": 0.5234937071800232,
    "complex_ipde": 0.0,
    "chains_ptm": {
        "0": 0.8983028531074524
    },
    "pair_chains_iptm": {
        "0": {
            "0": 0.8983028531074524
        }
    }
}