{
    "confidence_score": 0.8659672737121582,
    "ptm": 0.9170222878456116,
    "iptm": 0.0,
    "ligand_iptm": 0.0,
    "protein_iptm": 0.0,
    "complex_plddt": 0.853203535079956,
    "complex_iplddt": 0.853203535079956,
    "complex_pde": 0.540558397769928,
    "complex_ipde": 0.0,
    "chains_ptm": {
        "0": 0.9170222878456116
    },
    "pair_chains_iptm": {
        "0": {
            "0": 0.9170222878456116
        }
    }
}