{
    "confidence_score": 0.8665332794189453,
    "ptm": 0.9057088494300842,
    "iptm": 0.0,
    "ligand_iptm": 0.0,
    "protein_iptm": 0.0,
    "complex_plddt": 0.856739342212677,
    "complex_iplddt": 0.856739342212677,
    "complex_pde": 0.5367645621299744,
    "complex_ipde": 0.0,
    "chains_ptm": {
        "0": 0.9057088494300842
    },
    "pair_chains_iptm": {
        "0": {
            "0": 0.9057088494300842
        }
    }
}