{
    "confidence_score": 0.8623971343040466,
    "ptm": 0.9124168753623962,
    "iptm": 0.0,
    "ligand_iptm": 0.0,
    "protein_iptm": 0.0,
    "complex_plddt": 0.8498921394348145,
    "complex_iplddt": 0.8498921394348145,
    "complex_pde": 0.5301249623298645,
    "complex_ipde": 0.0,
    "chains_ptm": {
        "0": 0.9124168753623962
    },
    "pair_chains_iptm": {
        "0": {
            "0": 0.9124168753623962
        }
    }
}