{
    "confidence_score": 0.8720634579658508,
    "ptm": 0.874467134475708,
    "iptm": 0.0,
    "ligand_iptm": 0.0,
    "protein_iptm": 0.0,
    "complex_plddt": 0.8714625835418701,
    "complex_iplddt": 0.8714625835418701,
    "complex_pde": 0.6567819118499756,
    "complex_ipde": 0.0,
    "chains_ptm": {
        "0": 0.874467134475708
    },
    "pair_chains_iptm": {
        "0": {
            "0": 0.874467134475708
        }
    }
}