{
    "confidence_score": 0.8700959086418152,
    "ptm": 0.8735026121139526,
    "iptm": 0.0,
    "ligand_iptm": 0.0,
    "protein_iptm": 0.0,
    "complex_plddt": 0.8692442178726196,
    "complex_iplddt": 0.8692442178726196,
    "complex_pde": 0.6376863121986389,
    "complex_ipde": 0.0,
    "chains_ptm": {
        "0": 0.8735026121139526
    },
    "pair_chains_iptm": {
        "0": {
            "0": 0.8735026121139526
        }
    }
}