{
    "confidence_score": 0.8712746500968933,
    "ptm": 0.8709317445755005,
    "iptm": 0.0,
    "ligand_iptm": 0.0,
    "protein_iptm": 0.0,
    "complex_plddt": 0.8713604211807251,
    "complex_iplddt": 0.8713604211807251,
    "complex_pde": 0.67286217212677,
    "complex_ipde": 0.0,
    "chains_ptm": {
        "0": 0.8709317445755005
    },
    "pair_chains_iptm": {
        "0": {
            "0": 0.8709317445755005
        }
    }
}