{
    "confidence_score": 0.8705551028251648,
    "ptm": 0.8766346573829651,
    "iptm": 0.0,
    "ligand_iptm": 0.0,
    "protein_iptm": 0.0,
    "complex_plddt": 0.8690352439880371,
    "complex_iplddt": 0.8690352439880371,
    "complex_pde": 0.6119450330734253,
    "complex_ipde": 0.0,
    "chains_ptm": {
        "0": 0.8766346573829651
    },
    "pair_chains_iptm": {
        "0": {
            "0": 0.8766346573829651
        }
    }
}