{
    "confidence_score": 0.8753153085708618,
    "ptm": 0.8788729310035706,
    "iptm": 0.0,
    "ligand_iptm": 0.0,
    "protein_iptm": 0.0,
    "complex_plddt": 0.8744258284568787,
    "complex_iplddt": 0.8744258284568787,
    "complex_pde": 0.6256309747695923,
    "complex_ipde": 0.0,
    "chains_ptm": {
        "0": 0.8788729310035706
    },
    "pair_chains_iptm": {
        "0": {
            "0": 0.8788729310035706
        }
    }
}