{
    "confidence_score": 0.8582254648208618,
    "ptm": 0.8644055724143982,
    "iptm": 0.0,
    "ligand_iptm": 0.0,
    "protein_iptm": 0.0,
    "complex_plddt": 0.8566803932189941,
    "complex_iplddt": 0.8566803932189941,
    "complex_pde": 0.5904077887535095,
    "complex_ipde": 0.0,
    "chains_ptm": {
        "0": 0.8644055724143982
    },
    "pair_chains_iptm": {
        "0": {
            "0": 0.8644055724143982
        }
    }
}