{
    "confidence_score": 0.8598527312278748,
    "ptm": 0.8797159790992737,
    "iptm": 0.0,
    "ligand_iptm": 0.0,
    "protein_iptm": 0.0,
    "complex_plddt": 0.8548868298530579,
    "complex_iplddt": 0.8548868298530579,
    "complex_pde": 0.5546597838401794,
    "complex_ipde": 0.0,
    "chains_ptm": {
        "0": 0.8797159790992737
    },
    "pair_chains_iptm": {
        "0": {
            "0": 0.8797159790992737
        }
    }
}