{
    "confidence_score": 0.8620843887329102,
    "ptm": 0.8754130005836487,
    "iptm": 0.0,
    "ligand_iptm": 0.0,
    "protein_iptm": 0.0,
    "complex_plddt": 0.8587522506713867,
    "complex_iplddt": 0.8587522506713867,
    "complex_pde": 0.5602784156799316,
    "complex_ipde": 0.0,
    "chains_ptm": {
        "0": 0.8754130005836487
    },
    "pair_chains_iptm": {
        "0": {
            "0": 0.8754130005836487
        }
    }
}