{
    "confidence_score": 0.884840190410614,
    "ptm": 0.9086342453956604,
    "iptm": 0.0,
    "ligand_iptm": 0.0,
    "protein_iptm": 0.0,
    "complex_plddt": 0.87889164686203,
    "complex_iplddt": 0.87889164686203,
    "complex_pde": 0.5459943413734436,
    "complex_ipde": 0.0,
    "chains_ptm": {
        "0": 0.9086342453956604
    },
    "pair_chains_iptm": {
        "0": {
            "0": 0.9086342453956604
        }
    }
}