{
    "confidence_score": 0.8881165385246277,
    "ptm": 0.9102405309677124,
    "iptm": 0.0,
    "ligand_iptm": 0.0,
    "protein_iptm": 0.0,
    "complex_plddt": 0.8825855255126953,
    "complex_iplddt": 0.8825855255126953,
    "complex_pde": 0.547245979309082,
    "complex_ipde": 0.0,
    "chains_ptm": {
        "0": 0.9102405309677124
    },
    "pair_chains_iptm": {
        "0": {
            "0": 0.9102405309677124
        }
    }
}