{
    "confidence_score": 0.8668352365493774,
    "ptm": 0.879752516746521,
    "iptm": 0.0,
    "ligand_iptm": 0.0,
    "protein_iptm": 0.0,
    "complex_plddt": 0.8636058568954468,
    "complex_iplddt": 0.8636058568954468,
    "complex_pde": 0.6318738460540771,
    "complex_ipde": 0.0,
    "chains_ptm": {
        "0": 0.879752516746521
    },
    "pair_chains_iptm": {
        "0": {
            "0": 0.879752516746521
        }
    }
}