{
    "confidence_score": 0.8586516380310059,
    "ptm": 0.883308470249176,
    "iptm": 0.0,
    "ligand_iptm": 0.0,
    "protein_iptm": 0.0,
    "complex_plddt": 0.8524874448776245,
    "complex_iplddt": 0.8524874448776245,
    "complex_pde": 0.6269537806510925,
    "complex_ipde": 0.0,
    "chains_ptm": {
        "0": 0.883308470249176
    },
    "pair_chains_iptm": {
        "0": {
            "0": 0.883308470249176
        }
    }
}