{
    "confidence_score": 0.858282208442688,
    "ptm": 0.8759416937828064,
    "iptm": 0.0,
    "ligand_iptm": 0.0,
    "protein_iptm": 0.0,
    "complex_plddt": 0.8538673520088196,
    "complex_iplddt": 0.8538673520088196,
    "complex_pde": 0.6287457346916199,
    "complex_ipde": 0.0,
    "chains_ptm": {
        "0": 0.8759416937828064
    },
    "pair_chains_iptm": {
        "0": {
            "0": 0.8759416937828064
        }
    }
}