{
    "confidence_score": 0.8566481471061707,
    "ptm": 0.8819370269775391,
    "iptm": 0.0,
    "ligand_iptm": 0.0,
    "protein_iptm": 0.0,
    "complex_plddt": 0.8503259420394897,
    "complex_iplddt": 0.8503259420394897,
    "complex_pde": 0.6264718174934387,
    "complex_ipde": 0.0,
    "chains_ptm": {
        "0": 0.8819370269775391
    },
    "pair_chains_iptm": {
        "0": {
            "0": 0.8819370269775391
        }
    }
}