{
    "confidence_score": 0.8560817837715149,
    "ptm": 0.8843820095062256,
    "iptm": 0.0,
    "ligand_iptm": 0.0,
    "protein_iptm": 0.0,
    "complex_plddt": 0.849006712436676,
    "complex_iplddt": 0.849006712436676,
    "complex_pde": 0.6291825771331787,
    "complex_ipde": 0.0,
    "chains_ptm": {
        "0": 0.8843820095062256
    },
    "pair_chains_iptm": {
        "0": {
            "0": 0.8843820095062256
        }
    }
}