{
    "confidence_score": 0.8457290530204773,
    "ptm": 0.8771740198135376,
    "iptm": 0.0,
    "ligand_iptm": 0.0,
    "protein_iptm": 0.0,
    "complex_plddt": 0.8378678560256958,
    "complex_iplddt": 0.8378678560256958,
    "complex_pde": 0.6912604570388794,
    "complex_ipde": 0.0,
    "chains_ptm": {
        "0": 0.8771740198135376
    },
    "pair_chains_iptm": {
        "0": {
            "0": 0.8771740198135376
        }
    }
}