{
    "confidence_score": 0.8514997363090515,
    "ptm": 0.8752934336662292,
    "iptm": 0.0,
    "ligand_iptm": 0.0,
    "protein_iptm": 0.0,
    "complex_plddt": 0.8455513119697571,
    "complex_iplddt": 0.8455513119697571,
    "complex_pde": 0.680151641368866,
    "complex_ipde": 0.0,
    "chains_ptm": {
        "0": 0.8752934336662292
    },
    "pair_chains_iptm": {
        "0": {
            "0": 0.8752934336662292
        }
    }
}