{
    "confidence_score": 0.8800138831138611,
    "ptm": 0.9160233736038208,
    "iptm": 0.0,
    "ligand_iptm": 0.0,
    "protein_iptm": 0.0,
    "complex_plddt": 0.87101149559021,
    "complex_iplddt": 0.87101149559021,
    "complex_pde": 0.483661025762558,
    "complex_ipde": 0.0,
    "chains_ptm": {
        "0": 0.9160233736038208
    },
    "pair_chains_iptm": {
        "0": {
            "0": 0.9160233736038208
        }
    }
}