{
    "confidence_score": 0.8762323260307312,
    "ptm": 0.9137908816337585,
    "iptm": 0.0,
    "ligand_iptm": 0.0,
    "protein_iptm": 0.0,
    "complex_plddt": 0.8668427467346191,
    "complex_iplddt": 0.8668427467346191,
    "complex_pde": 0.49466174840927124,
    "complex_ipde": 0.0,
    "chains_ptm": {
        "0": 0.9137908816337585
    },
    "pair_chains_iptm": {
        "0": {
            "0": 0.9137908816337585
        }
    }
}