{
    "confidence_score": 0.8825753331184387,
    "ptm": 0.9190943241119385,
    "iptm": 0.0,
    "ligand_iptm": 0.0,
    "protein_iptm": 0.0,
    "complex_plddt": 0.8734455704689026,
    "complex_iplddt": 0.8734455704689026,
    "complex_pde": 0.4770946800708771,
    "complex_ipde": 0.0,
    "chains_ptm": {
        "0": 0.9190943241119385
    },
    "pair_chains_iptm": {
        "0": {
            "0": 0.9190943241119385
        }
    }
}