{
    "confidence_score": 0.8759258389472961,
    "ptm": 0.912132978439331,
    "iptm": 0.0,
    "ligand_iptm": 0.0,
    "protein_iptm": 0.0,
    "complex_plddt": 0.8668739795684814,
    "complex_iplddt": 0.8668739795684814,
    "complex_pde": 0.4904070794582367,
    "complex_ipde": 0.0,
    "chains_ptm": {
        "0": 0.912132978439331
    },
    "pair_chains_iptm": {
        "0": {
            "0": 0.912132978439331
        }
    }
}