{
    "confidence_score": 0.8779358267784119,
    "ptm": 0.9160564541816711,
    "iptm": 0.0,
    "ligand_iptm": 0.0,
    "protein_iptm": 0.0,
    "complex_plddt": 0.8684056401252747,
    "complex_iplddt": 0.8684056401252747,
    "complex_pde": 0.4969095289707184,
    "complex_ipde": 0.0,
    "chains_ptm": {
        "0": 0.9160564541816711
    },
    "pair_chains_iptm": {
        "0": {
            "0": 0.9160564541816711
        }
    }
}