{
    "confidence_score": 0.8468379378318787,
    "ptm": 0.8808721303939819,
    "iptm": 0.0,
    "ligand_iptm": 0.0,
    "protein_iptm": 0.0,
    "complex_plddt": 0.8383293151855469,
    "complex_iplddt": 0.8383293151855469,
    "complex_pde": 0.6032017469406128,
    "complex_ipde": 0.0,
    "chains_ptm": {
        "0": 0.8808721303939819
    },
    "pair_chains_iptm": {
        "0": {
            "0": 0.8808721303939819
        }
    }
}