{
    "confidence_score": 0.8518421053886414,
    "ptm": 0.8879805207252502,
    "iptm": 0.0,
    "ligand_iptm": 0.0,
    "protein_iptm": 0.0,
    "complex_plddt": 0.8428074717521667,
    "complex_iplddt": 0.8428074717521667,
    "complex_pde": 0.5786975026130676,
    "complex_ipde": 0.0,
    "chains_ptm": {
        "0": 0.8879805207252502
    },
    "pair_chains_iptm": {
        "0": {
            "0": 0.8879805207252502
        }
    }
}