{
    "confidence_score": 0.8441087007522583,
    "ptm": 0.8924266695976257,
    "iptm": 0.0,
    "ligand_iptm": 0.0,
    "protein_iptm": 0.0,
    "complex_plddt": 0.8320291638374329,
    "complex_iplddt": 0.8320291638374329,
    "complex_pde": 0.5877065062522888,
    "complex_ipde": 0.0,
    "chains_ptm": {
        "0": 0.8924266695976257
    },
    "pair_chains_iptm": {
        "0": {
            "0": 0.8924266695976257
        }
    }
}