{
    "confidence_score": 0.8488213419914246,
    "ptm": 0.8798185586929321,
    "iptm": 0.0,
    "ligand_iptm": 0.0,
    "protein_iptm": 0.0,
    "complex_plddt": 0.8410720229148865,
    "complex_iplddt": 0.8410720229148865,
    "complex_pde": 0.5702741742134094,
    "complex_ipde": 0.0,
    "chains_ptm": {
        "0": 0.8798185586929321
    },
    "pair_chains_iptm": {
        "0": {
            "0": 0.8798185586929321
        }
    }
}